"id,name,email"
1,池田 優菜,anastasia.lockman@dietrich.info
2,丸山 拓海,loris_maggio@swaniawski.net
3,青木 智子,rodrigo@wuckert.biz
4,木村 茜,nicolasa@breitenberg-lindgren.co
5,松本 七海,wilmer_ruecker@herzog.info
6,中川 亮太,jacquetta_johnston@carroll.name
7,原田 仁,joana@streich-becker.name
8,渡辺 翔太,sammie_tillman@balistreri-bashirian.info
9,久保 優那,ginger.bartoletti@strosin.co
10,金子 裕子,lupe_hyatt@luettgen.info
11,渡辺 翔,neoma@weber.com
12,小林 翔太,kam@bins.co
13,藤田 太一,trevor_oconnell@kulas-rippin.com
14,高橋 誠,derick@effertz-cronin.name
15,斉藤 悠太,porsha.dooley@legros-wiza.com
16,太田 健太,charley.bailey@schumm.com
17,山口 千尋,branden@howell.net
18,上野 奏太,agustin.lebsack@bernhard-legros.info
19,高木 樹,tambra@wisozk.info
20,藤井 輝,myles@nolan-terry.com
21,山田 結菜,preston@cummerata-larson.org
22,野口 愛美,hobert@ohara.org
23,森 杏奈,tyrone_ward@prosacco.io
24,太田 大和,richie.ryan@smith.info
25,野村 颯太,bradford@botsford.com
26,前田 美羽,amado@jacobi-rodriguez.biz
27,河野 陽太,adam@schultz.com
28,森 芽衣,yan@botsford.com
29,坂本 彩乃,wiley@gerhold.co
30,安藤 美穂,royce@emard-gusikowski.io
31,宮崎 美桜,renaldo_corkery@volkman-schimmel.io
32,清水 太一,millard@olson-homenick.com
33,橋本 明日香,matt@conroy-graham.name
34,横山 奏太,brandon.pfeffer@willms.net
35,松尾 駿,marcelino@abshire.org
36,武田 美穂,austin_mante@gottlieb.info
37,山田 花音,danny_hand@trantow-parker.com
38,清水 陸,ceola_larson@waters-jacobson.biz
39,中村 大翔,dana.leuschke@walter.biz
40,遠藤 桜,aaron_bechtelar@marvin.co
41,青木 愛子,leonard.rippin@zemlak-monahan.io
42,近藤 陽斗,emilio@johnson.info
43,今井 太郎,steffanie@wyman.net
44,木村 芽衣,sherman.torphy@weber.co
45,河野 優衣,ambrose@rice.biz
46,武田 裕子,tristan.welch@larkin.org
47,平野 七海,parthenia@littel-moore.io
48,金子 愛美,penney_johnston@weber.co
49,佐藤 隼人,teri.jacobi@williamson-torphy.biz
50,高木 大和,oliver.hoppe@schaden.biz
51,長谷川 真央,mckenzie_lueilwitz@macgyver-runolfsdottir.org
52,竹内 琴音,dudley@donnelly.io
53,斎藤 太一,edmundo.kozey@huels-price.net
54,大塚 亮,tobi@olson-wunsch.name
55,山崎 美桜,celesta@cummerata.biz
56,山田 駿,donte@hand-brown.name
57,前田 さくら,huey_fritsch@lockman-altenwerth.com
58,酒井 優菜,emmy_beier@becker-doyle.com
59,鈴木 優那,boyce.wunsch@nicolas.net
60,山下 凛,stephani@quitzon.co
61,佐々木 彩,teresia@rosenbaum.net
62,菊地 愛,inez@macejkovic-volkman.info
63,安藤 遥,nola@prohaska.org
64,田中 芽衣,george@murray-feeney.com
65,木村 諒,lupe.kuhn@stanton.name
66,林 奏太,edgardo_morissette@ratke.co
67,丸山 蓮,deandre_heaney@west.org
68,横山 彩花,javier_corwin@ortiz.co
69,石川 悠太,art.herman@ward.biz
70,田中 恵,johnna@haag-haley.org
71,松田 海斗,herbert_hahn@heathcote.io
72,岡本 大樹,edra.kessler@bailey.org
73,長谷川 蓮,timmy.kautzer@emmerich.biz
74,宮本 琴音,moshe.raynor@goyette.io
75,高木 千尋,rosita_heller@mante.info
76,柴田 匠,inga.williamson@baumbach-brekke.org
77,工藤 悠太,emerita.morar@auer-mueller.io
78,山本 真央,nicolette_lubowitz@pfannerstill.biz
79,藤本 大樹,jeanice@brakus.net
80,内田 海斗,angelo@paucek.com
81,上野 誠,jefferson@robel-predovic.info
82,田中 大樹,orlando@kozey-luettgen.co
83,柴田 悠真,hayden_schaden@dare.co
84,佐々木 健,scottie@abshire.biz
85,河野 桜,isaac@larson.biz
86,小野 隼人,yuk.koss@macejkovic.biz
87,佐藤 未来,robin.kozey@grimes.biz
88,原田 優,chung.beahan@dickinson-jakubowski.io
89,今井 美優,kiley@gibson.info
90,木村 樹,francis@gerhold-adams.info
91,清水 大翔,trey.mclaughlin@goodwin-pollich.com
92,田村 隼人,vernon_sauer@kautzer.io
93,後藤 杏奈,jannet.reynolds@baumbach.name
94,山下 海斗,edmond.pouros@schmitt.org
95,横山 太一,george_pagac@turner.io
96,井上 結衣,digna.mills@volkman.net
97,木下 輝,gayle@doyle-schuster.io
98,西村 美咲,tarsha.koelpin@kiehn.co
99,山口 輝,ivory_medhurst@torphy.biz
100,小山 玲奈,lenard.schumm@franecki-adams.com
